{
  "Apple___Apple_scab": {
    "precision": 1.0,
    "recall": 0.9761904761904762,
    "f1-score": 0.9879518072289156,
    "support": 126.0
  },
  "Apple___Black_rot": {
    "precision": 0.992,
    "recall": 1.0,
    "f1-score": 0.9959839357429718,
    "support": 124.0
  },
  "Apple___Cedar_apple_rust": {
    "precision": 1.0,
    "recall": 1.0,
    "f1-score": 1.0,
    "support": 55.0
  },
  "Apple___healthy": {
    "precision": 1.0,
    "recall": 0.993920972644377,
    "f1-score": 0.9969512195121951,
    "support": 329.0
  },
  "Blueberry___healthy": {
    "precision": 0.9966777408637874,
    "recall": 1.0,
    "f1-score": 0.9983361064891847,
    "support": 300.0
  },
  "Cherry_(including_sour)___Powdery_mildew": {
    "precision": 1.0,
    "recall": 0.9952380952380953,
    "f1-score": 0.9976133651551312,
    "support": 210.0
  },
  "Cherry_(including_sour)___healthy": {
    "precision": 0.9940828402366864,
    "recall": 0.9882352941176471,
    "f1-score": 0.9911504424778761,
    "support": 170.0
  },
  "Corn_(maize)___Cercospora_leaf_spot Gray_leaf_spot": {
    "precision": 0.8411214953271028,
    "recall": 0.8823529411764706,
    "f1-score": 0.861244019138756,
    "support": 102.0
  },
  "Corn_(maize)___Common_rust_": {
    "precision": 0.9916666666666667,
    "recall": 1.0,
    "f1-score": 0.99581589958159,
    "support": 238.0
  },
  "Corn_(maize)___Northern_Leaf_Blight": {
    "precision": 0.9417989417989417,
    "recall": 0.9035532994923858,
    "f1-score": 0.9222797927461139,
    "support": 197.0
  },
  "Corn_(maize)___healthy": {
    "precision": 1.0,
    "recall": 1.0,
    "f1-score": 1.0,
    "support": 232.0
  },
  "Grape___Black_rot": {
    "precision": 0.9915254237288136,
    "recall": 0.9915254237288136,
    "f1-score": 0.9915254237288136,
    "support": 236.0
  },
  "Grape___Esca_(Black_Measles)": {
    "precision": 0.9927797833935018,
    "recall": 0.9963768115942029,
    "f1-score": 0.9945750452079566,
    "support": 276.0
  },
  "Grape___Leaf_blight_(Isariopsis_Leaf_Spot)": {
    "precision": 0.9953703703703703,
    "recall": 1.0,
    "f1-score": 0.9976798143851509,
    "support": 215.0
  },
  "Grape___healthy": {
    "precision": 0.9882352941176471,
    "recall": 1.0,
    "f1-score": 0.9940828402366864,
    "support": 84.0
  },
  "Orange___Haunglongbing_(Citrus_greening)": {
    "precision": 1.0,
    "recall": 0.9990917347865577,
    "f1-score": 0.9995456610631531,
    "support": 1101.0
  },
  "Peach___Bacterial_spot": {
    "precision": 0.9934782608695653,
    "recall": 0.9956427015250545,
    "f1-score": 0.9945593035908596,
    "support": 459.0
  },
  "Peach___healthy": {
    "precision": 0.972972972972973,
    "recall": 1.0,
    "f1-score": 0.9863013698630136,
    "support": 72.0
  },
  "Pepper,_bell___Bacterial_spot": {
    "precision": 0.9897959183673469,
    "recall": 0.9748743718592965,
    "f1-score": 0.9822784810126582,
    "support": 199.0
  },
  "Pepper,_bell___healthy": {
    "precision": 0.9671052631578947,
    "recall": 0.9966101694915255,
    "f1-score": 0.9816360601001669,
    "support": 295.0
  },
  "Potato___Early_blight": {
    "precision": 0.9852216748768473,
    "recall": 1.0,
    "f1-score": 0.9925558312655087,
    "support": 200.0
  },
  "Potato___Late_blight": {
    "precision": 1.0,
    "recall": 0.98,
    "f1-score": 0.98989898989899,
    "support": 200.0
  },
  "Potato___healthy": {
    "precision": 0.9310344827586207,
    "recall": 0.9,
    "f1-score": 0.9152542372881356,
    "support": 30.0
  },
  "Raspberry___healthy": {
    "precision": 0.9866666666666667,
    "recall": 1.0,
    "f1-score": 0.9932885906040269,
    "support": 74.0
  },
  "Soybean___healthy": {
    "precision": 0.9970588235294118,
    "recall": 0.9990176817288802,
    "f1-score": 0.9980372914622179,
    "support": 1018.0
  },
  "Squash___Powdery_mildew": {
    "precision": 1.0,
    "recall": 1.0,
    "f1-score": 1.0,
    "support": 367.0
  },
  "Strawberry___Leaf_scorch": {
    "precision": 1.0,
    "recall": 0.9909502262443439,
    "f1-score": 0.9954545454545455,
    "support": 221.0
  },
  "Strawberry___healthy": {
    "precision": 0.989010989010989,
    "recall": 0.989010989010989,
    "f1-score": 0.989010989010989,
    "support": 91.0
  },
  "Tomato___Bacterial_spot": {
    "precision": 0.9880952380952381,
    "recall": 0.9764705882352941,
    "f1-score": 0.9822485207100592,
    "support": 425.0
  },
  "Tomato___Early_blight": {
    "precision": 0.963855421686747,
    "recall": 0.8,
    "f1-score": 0.8743169398907104,
    "support": 200.0
  },
  "Tomato___Late_blight": {
    "precision": 0.9420654911838791,
    "recall": 0.9816272965879265,
    "f1-score": 0.961439588688946,
    "support": 381.0
  },
  "Tomato___Leaf_Mold": {
    "precision": 0.9585492227979274,
    "recall": 0.9736842105263158,
    "f1-score": 0.9660574412532638,
    "support": 190.0
  },
  "Tomato___Septoria_leaf_spot": {
    "precision": 0.9683908045977011,
    "recall": 0.9519774011299436,
    "f1-score": 0.9601139601139601,
    "support": 354.0
  },
  "Tomato___Spider_mites Two-spotted_spider_mite": {
    "precision": 0.973421926910299,
    "recall": 0.8746268656716418,
    "f1-score": 0.9213836477987422,
    "support": 335.0
  },
  "Tomato___Target_Spot": {
    "precision": 0.8448844884488449,
    "recall": 0.9142857142857143,
    "f1-score": 0.8782161234991424,
    "support": 280.0
  },
  "Tomato___Tomato_Yellow_Leaf_Curl_Virus": {
    "precision": 1.0,
    "recall": 0.9971988795518207,
    "f1-score": 0.9985974754558204,
    "support": 1071.0
  },
  "Tomato___Tomato_mosaic_virus": {
    "precision": 0.9864864864864865,
    "recall": 0.9864864864864865,
    "f1-score": 0.9864864864864865,
    "support": 74.0
  },
  "Tomato___healthy": {
    "precision": 0.8983050847457628,
    "recall": 1.0,
    "f1-score": 0.9464285714285714,
    "support": 318.0
  },
  "accuracy": 0.9805512028758411,
  "macro avg": {
    "precision": 0.9753067835175454,
    "recall": 0.9739197008237961,
    "f1-score": 0.974165784672929,
    "support": 10849.0
  },
  "weighted avg": {
    "precision": 0.9811589363773655,
    "recall": 0.9805512028758411,
    "f1-score": 0.9804709838294361,
    "support": 10849.0
  }
}