{"accuracy": [0.647827684879303, 0.8271355032920837, 0.8634940981864929, 0.8827089667320251, 0.8914994597434998, 0.8992774486541748, 0.9083440899848938, 0.9151325225830078, 0.9166743159294128, 0.9209315180778503, 0.8573960065841675, 0.9114276766777039, 0.9271216988563538, 0.938788652420044, 0.9456461668014526, 0.9529869556427002, 0.9577043652534485, 0.9623296856880188, 0.964377760887146, 0.965275228023529, 0.9702457785606384, 0.9720176458358765, 0.9744569063186646, 0.9764819741249084, 0.9785529971122742], "val_accuracy": [0.8840445876121521, 0.9118812680244446, 0.9208222031593323, 0.9322518110275269, 0.9376901388168335, 0.9445109963417053, 0.9458014369010925, 0.94727623462677, 0.9482901692390442, 0.950502336025238, 0.9399023056030273, 0.9476449489593506, 0.9569545388221741, 0.9609180688858032, 0.9643285274505615, 0.9661719799041748, 0.9699511528015137, 0.9732694029808044, 0.9719789624214172, 0.9755737781524658, 0.976311206817627, 0.9781546592712402, 0.9805511832237244, 0.9787998795509338, 0.979537308216095], "loss": [1.4036848545074463, 0.6725473403930664, 0.5401939749717712, 0.47349128127098083, 0.44113922119140625, 0.40969035029411316, 0.3864296078681946, 0.3678262233734131, 0.3541863262653351, 0.34281817078590393, 0.5565153360366821, 0.3784183859825134, 0.32659903168678284, 0.2900877296924591, 0.2682594358921051, 0.24626119434833527, 0.23146547377109528, 0.21623985469341278, 0.2075914591550827, 0.20273661613464355, 0.19214817881584167, 0.18583890795707703, 0.17851579189300537, 0.17419198155403137, 0.1657954752445221], "val_loss": [0.4907228350639343, 0.37422946095466614, 0.3437900245189667, 0.31126895546913147, 0.2944297194480896, 0.27800223231315613, 0.2686282992362976, 0.26305776834487915, 0.2618921101093292, 0.250841349363327, 0.2867720425128937, 0.25407513976097107, 0.23047757148742676, 0.21529418230056763, 0.2062065154314041, 0.196968674659729, 0.18887752294540405, 0.17729219794273376, 0.18329456448554993, 0.17125393450260162, 0.16847367584705353, 0.16382569074630737, 0.1599709838628769, 0.16468751430511475, 0.1659425050020218]}